<?xml version='1.0' encoding='UTF-8'?>
<?artifactRepository version='1.1.0'?>
<repository name='file:/Users/damiansima/Documents/workspace/liquidplanner-connector/service-cloud-connector/target/update-site/ - artifacts' type='org.eclipse.equinox.p2.artifact.repository.simpleRepository' version='1'>
  <properties size='2'>
    <property name='p2.timestamp' value='1368825033003'/>
    <property name='p2.compressed' value='false'/>
  </properties>
  <mappings size='3'>
    <rule filter='(&amp; (classifier=osgi.bundle))' output='${repoUrl}/plugins/${id}_${version}.jar'/>
    <rule filter='(&amp; (classifier=binary))' output='${repoUrl}/binary/${id}_${version}'/>
    <rule filter='(&amp; (classifier=org.eclipse.update.feature))' output='${repoUrl}/features/${id}_${version}.jar'/>
  </mappings>
  <artifacts size='2'>
    <artifact classifier='org.eclipse.update.feature' id='org.mule.tooling.ui.extension.liquidplanner-cloud-connector' version='1.0.0.201305171810'>
      <properties size='4'>
        <property name='artifact.size' value='9891'/>
        <property name='download.size' value='9891'/>
        <property name='download.md5' value='34144ece580dd86a1f121f560dc0917c'/>
        <property name='download.contentType' value='application/zip'/>
      </properties>
    </artifact>
    <artifact classifier='osgi.bundle' id='org.mule.tooling.ui.contribution.liquidplanner' version='1.0.0.201305171810'>
      <properties size='3'>
        <property name='artifact.size' value='4499127'/>
        <property name='download.size' value='4499127'/>
        <property name='download.md5' value='de19ccdb3c35ec3b2a7ad0a7b9e17232'/>
      </properties>
    </artifact>
  </artifacts>
</repository>
